<?xml version="1.0" encoding="UTF-8"?>
<project-private xmlns="http://www.netbeans.org/ns/project-private/1">
    <editor-bookmarks xmlns="http://www.netbeans.org/ns/editor-bookmarks/2" lastBookmarkId="0"/>
    <open-files xmlns="http://www.netbeans.org/ns/projectui-open-files/2">
        <group>
            <file>file:/C:/Users/Adit/Documents/NetBeansProjects/49013075_Mhd.Syarif_Tugas_III_J2SE/Project/SyarifChatting/src/images/PanelImage.java</file>
            <file>file:/C:/Users/Adit/Documents/NetBeansProjects/49013075_Mhd.Syarif_Tugas_III_J2SE/Project/SyarifChatting/src/aditchatting/About.java</file>
            <file>file:/C:/Users/Adit/Documents/NetBeansProjects/49013075_Mhd.Syarif_Tugas_III_J2SE/Project/SyarifChatting/src/aditchatting/Server.java</file>
            <file>file:/C:/Users/Adit/Documents/NetBeansProjects/49013075_Mhd.Syarif_Tugas_III_J2SE/Project/SyarifChatting/src/aditchatting/aditChatting.java</file>
        </group>
    </open-files>
</project-private>
